Customer_ID,Stock_Name,Volatility,Trading_Volume,Purchase_Price,Quantity,Current_Price
user_001,삼성화재,0.0207,29795,518770.0,29.0,491500.0
user_001,LG디스플레이,0.0252,696979,13520.0,1.0,12440.0
user_001,아모레퍼시픽,0.017,96899,128770.0,21.0,121200.0
user_001,한국금융지주,0.0455,76692,183500.0,5.0,181100.0
user_001,KT,0.0486,213672,52420.0,19.0,54700.0
user_001,HD현대중공업,0.0349,94028,615650.0,57.0,642000.0
user_001,엔씨소프트,0.0331,43313,253950.0,48.0,235500.0
user_001,삼성생명,0.0189,215502,167700.0,87.0,176300.0
user_001,HD현대마린솔루션,0.0499,45945,205320.0,36.0,188350.0
user_001,삼성에스디에스,0.037,86364,165510.0,36.0,180400.0
user_002,한국타이어앤테크놀로지,0.0441,140509,68760.0,36.0,64600.0
user_002,이수페타시스,0.0333,524588,102570.0,16.0,111700.0
user_002,신한지주,0.0159,632026,81750.0,5.0,81100.0
user_002,대한항공,0.0205,1215433,26230.0,45.0,24150.0
user_002,KT&G,0.0111,122499,148800.0,81.0,147300.0
user_002,카카오,0.0116,1151345,54030.0,12.0,58000.0
user_002,삼성바이오로직스,0.032,14400,2122570.0,98.0,1937500.0
user_002,효성중공업,0.0371,26610,2395980.0,37.0,2322000.0
user_002,LIG넥스원,0.0249,81080,562500.0,50.0,565000.0
user_002,GS,0.0334,73049,65200.0,38.0,60800.0
user_003,DB손해보험,0.0292,81586,125340.0,69.0,127900.0
user_003,두산에너빌리티,0.0396,4222395,91930.0,27.0,94700.0
user_003,카카오뱅크,0.0488,385480,19470.0,41.0,21300.0
user_003,삼성에스디에스,0.037,86364,165940.0,36.0,180400.0
user_003,삼성물산,0.0413,240223,286380.0,79.0,303000.0
user_003,카카오,0.0116,1151345,58820.0,72.0,58000.0
user_003,효성중공업,0.0371,26610,2398250.0,15.0,2322000.0
user_003,삼성E&A,0.033,214349,24780.0,97.0,25550.0
user_003,현대차2우B,0.028,286227,311930.0,96.0,288000.0
user_003,GS,0.0334,73049,62070.0,50.0,60800.0
user_004,한진칼,0.0186,23298,122990.0,14.0,127800.0
user_004,현대건설,0.0328,1020631,98370.0,28.0,109200.0
user_004,한국항공우주,0.0439,605387,167960.0,45.0,166200.0
user_004,HD한국조선해양,0.0123,58474,410020.0,47.0,439500.0
user_004,CJ,0.0235,39074,184070.0,47.0,190000.0
user_004,LG이노텍,0.0444,70049,253890.0,49.0,278500.0
user_004,NH투자증권,0.0231,290506,25010.0,28.0,22750.0
user_004,카카오,0.0116,1151345,57480.0,42.0,58000.0
user_004,한미반도체,0.0103,562155,157910.0,95.0,174100.0
user_004,GS,0.0334,73049,60740.0,18.0,60800.0
user_005,고려아연,0.0106,44065,1476510.0,5.0,1632000.0
user_005,맥쿼리인프라,0.0119,881600,11230.0,84.0,11435.0
user_005,유한양행,0.039,247935,105650.0,13.0,108200.0
user_005,SK바이오팜,0.0114,92848,112390.0,28.0,119700.0
user_005,KB금융,0.0271,422594,128240.0,29.0,133600.0
user_005,DB손해보험,0.0292,81586,136880.0,76.0,127900.0
user_005,우리금융지주,0.047,850098,25760.0,52.0,27950.0
user_005,삼성전자,0.0329,12997934,136660.0,83.0,146100.0
user_005,삼성생명,0.0189,215502,163340.0,18.0,176300.0
user_005,한화에어로스페이스,0.0488,91130,1254190.0,20.0,1345000.0
user_006,HMM,0.0361,1987968,18610.0,86.0,20500.0
user_006,고려아연,0.0106,44065,1588890.0,100.0,1632000.0
user_006,삼성에스디에스,0.037,86364,194420.0,50.0,180400.0
user_006,카카오뱅크,0.0488,385480,21730.0,91.0,21300.0
user_006,한국전력,0.0486,5141165,60770.0,26.0,59800.0
user_006,현대모비스,0.023,307588,473880.0,73.0,447500.0
user_006,아모레퍼시픽,0.017,96899,126620.0,70.0,121200.0
user_006,LG에너지솔루션,0.035,283451,363780.0,69.0,402000.0
user_006,HD현대,0.0237,242408,282080.0,2.0,261500.0
user_006,HD현대일렉트릭,0.0388,69295,854060.0,89.0,909000.0
user_007,SK,0.043,102669,309640.0,85.0,292000.0
user_007,아모레퍼시픽,0.017,96899,113820.0,89.0,121200.0
user_007,현대차2우B,0.028,286227,309920.0,78.0,288000.0
user_007,SK바이오팜,0.0114,92848,120170.0,59.0,119700.0
user_007,한화에어로스페이스,0.0488,91130,1352230.0,69.0,1345000.0
user_007,삼성전자우,0.0271,2041032,116650.0,8.0,107300.0
user_007,카카오,0.0116,1151345,53190.0,69.0,58000.0
user_007,HD현대중공업,0.0349,94028,583410.0,94.0,642000.0
user_007,현대로템,0.0225,738835,215030.0,24.0,220500.0
user_007,HD한국조선해양,0.0123,58474,416520.0,55.0,439500.0
user_008,HD현대일렉트릭,0.0388,69295,866850.0,45.0,909000.0
user_008,SK이노베이션,0.0436,203375,103420.0,77.0,108000.0
user_008,한전기술,0.0122,884671,143300.0,93.0,143900.0
user_008,에이피알,0.0443,267501,240410.0,45.0,244500.0
user_008,NH투자증권,0.0231,290506,23910.0,30.0,22750.0
user_008,S-Oil,0.0265,81022,84550.0,87.0,90500.0
user_008,SK하이닉스,0.0156,1281407,766330.0,43.0,747000.0
user_008,LG전자,0.0111,1205696,102020.0,96.0,103400.0
user_008,이수페타시스,0.0333,524588,116090.0,67.0,111700.0
user_008,두산로보틱스,0.0448,2638221,130020.0,91.0,119400.0
user_009,두산밥캣,0.0234,83708,63180.0,49.0,60900.0
user_009,삼성전자,0.0329,12997934,152340.0,57.0,146100.0
user_009,한국금융지주,0.0455,76692,167770.0,99.0,181100.0
user_009,한전기술,0.0122,884671,155520.0,53.0,143900.0
user_009,SK바이오팜,0.0114,92848,114920.0,3.0,119700.0
user_009,효성중공업,0.0371,26610,2099350.0,66.0,2322000.0
user_009,HD현대중공업,0.0349,94028,673840.0,42.0,642000.0
user_009,삼성에스디에스,0.037,86364,166770.0,100.0,180400.0
user_009,DB손해보험,0.0292,81586,121330.0,83.0,127900.0
user_009,현대차2우B,0.028,286227,296830.0,7.0,288000.0
user_010,포스코퓨처엠,0.043,470151,198070.0,57.0,205500.0
user_010,KT,0.0486,213672,55120.0,74.0,54700.0
user_010,LG전자,0.0111,1205696,96970.0,88.0,103400.0
user_010,한진칼,0.0186,23298,131730.0,51.0,127800.0
user_010,두산밥캣,0.0234,83708,59600.0,53.0,60900.0
user_010,HMM,0.0361,1987968,19100.0,13.0,20500.0
user_010,SK하이닉스,0.0156,1281407,782640.0,11.0,747000.0
user_010,SK텔레콤,0.0333,2140624,67740.0,60.0,61900.0
user_010,LG이노텍,0.0444,70049,305500.0,4.0,278500.0
user_010,한화에어로스페이스,0.0488,91130,1274880.0,84.0,1345000.0
user_011,LG에너지솔루션,0.035,283451,376600.0,69.0,402000.0
user_011,SK,0.043,102669,321200.0,7.0,292000.0
user_011,삼성E&A,0.033,214349,23330.0,3.0,25550.0
user_011,SK하이닉스,0.0156,1281407,761430.0,17.0,747000.0
user_011,LIG넥스원,0.0249,81080,554600.0,94.0,565000.0
user_011,대한전선,0.016,1478960,28050.0,84.0,26300.0
user_011,대한항공,0.0205,1215433,25430.0,46.0,24150.0
user_011,HD현대마린솔루션,0.0499,45945,205030.0,24.0,188350.0
user_011,삼성증권,0.0224,174148,82500.0,37.0,82500.0
user_011,두산에너빌리티,0.0396,4222395,92840.0,39.0,94700.0
user_012,현대건설,0.0328,1020631,112110.0,12.0,109200.0
user_012,한국금융지주,0.0455,76692,169520.0,69.0,181100.0
user_012,KB금융,0.0271,422594,128160.0,50.0,133600.0
user_012,LG전자,0.0111,1205696,95750.0,18.0,103400.0
user_012,포스코인터내셔널,0.0363,634184,59550.0,37.0,63500.0
user_012,SK하이닉스,0.0156,1281407,786640.0,18.0,747000.0
user_012,현대글로비스,0.0444,321356,274100.0,86.0,257500.0
user_012,SK이노베이션,0.0436,203375,109620.0,16.0,108000.0
user_012,삼양식품,0.0256,21556,1205060.0,57.0,1203000.0
user_012,HD현대마린솔루션,0.0499,45945,192500.0,59.0,188350.0
user_013,맥쿼리인프라,0.0119,881600,11190.0,93.0,11435.0
user_013,한화오션,0.0192,1008205,140680.0,10.0,148000.0
user_013,기업은행,0.0432,407015,19370.0,74.0,20550.0
user_013,코웨이,0.0468,88671,80600.0,96.0,76700.0
user_013,키움증권,0.0199,28626,336300.0,92.0,322000.0
user_013,기아,0.0397,1562232,159780.0,15.0,164500.0
user_013,엔씨소프트,0.0331,43313,222720.0,60.0,235500.0
user_013,한국항공우주,0.0439,605387,181160.0,22.0,166200.0
user_013,미래에셋증권,0.0197,2119223,30520.0,29.0,30750.0
user_013,현대건설,0.0328,1020631,113810.0,92.0,109200.0
user_014,기업은행,0.0432,407015,20820.0,17.0,20550.0
user_014,코웨이,0.0468,88671,71080.0,12.0,76700.0
user_014,카카오페이,0.0347,551536,50400.0,88.0,50200.0
user_014,맥쿼리인프라,0.0119,881600,12190.0,98.0,11435.0
user_014,NAVER,0.0336,546622,251930.0,2.0,242000.0
user_014,SK이노베이션,0.0436,203375,111520.0,8.0,108000.0
user_014,LS ELECTRIC,0.0256,118134,489080.0,78.0,519000.0
user_014,LS,0.0142,72568,218180.0,7.0,217500.0
user_014,삼성생명,0.0189,215502,161320.0,34.0,176300.0
user_014,한국전력,0.0486,5141165,57180.0,72.0,59800.0
user_015,이수페타시스,0.0333,524588,122240.0,41.0,111700.0
user_015,현대차,0.02,2865006,520590.0,80.0,473500.0
user_015,삼성중공업,0.0423,4442823,32780.0,38.0,30950.0
user_015,삼성SDI,0.0286,1555599,331800.0,48.0,326000.0
user_015,LG씨엔에스,0.0316,852337,66360.0,20.0,70300.0
user_015,SK이노베이션,0.0436,203375,108390.0,85.0,108000.0
user_015,SK바이오팜,0.0114,92848,126010.0,61.0,119700.0
user_015,엔씨소프트,0.0331,43313,231910.0,99.0,235500.0
user_015,한국전력,0.0486,5141165,57830.0,58.0,59800.0
user_015,삼성전자,0.0329,12997934,153930.0,96.0,146100.0
user_016,삼성전자우,0.0271,2041032,104060.0,15.0,107300.0
user_016,LG에너지솔루션,0.035,283451,370800.0,70.0,402000.0
user_016,기아,0.0397,1562232,157670.0,51.0,164500.0
user_016,두산밥캣,0.0234,83708,56210.0,74.0,60900.0
user_016,한화,0.0371,370420,124990.0,79.0,125400.0
user_016,한화시스템,0.0392,2486298,97030.0,12.0,92500.0
user_016,HD한국조선해양,0.0123,58474,449790.0,26.0,439500.0
user_016,하나금융지주,0.029,387295,100560.0,85.0,99900.0
user_016,HD현대일렉트릭,0.0388,69295,927600.0,69.0,909000.0
user_016,맥쿼리인프라,0.0119,881600,10890.0,57.0,11435.0
user_017,HD한국조선해양,0.0123,58474,465450.0,68.0,439500.0
user_017,LG이노텍,0.0444,70049,277190.0,40.0,278500.0
user_017,SK하이닉스,0.0156,1281407,821010.0,89.0,747000.0
user_017,HD현대중공업,0.0349,94028,654360.0,12.0,642000.0
user_017,KT,0.0486,213672,55310.0,4.0,54700.0
user_017,코웨이,0.0468,88671,76180.0,17.0,76700.0
user_017,유한양행,0.039,247935,106650.0,99.0,108200.0
user_017,LIG넥스원,0.0249,81080,580280.0,97.0,565000.0
user_017,메리츠금융지주,0.0254,106603,106900.0,11.0,106200.0
user_017,HD현대일렉트릭,0.0388,69295,829670.0,15.0,909000.0
user_018,한미반도체,0.0103,562155,168950.0,70.0,174100.0
user_018,현대오토에버,0.0415,244844,437010.0,25.0,463500.0
user_018,POSCO홀딩스,0.0339,360131,339710.0,78.0,354000.0
user_018,효성중공업,0.0371,26610,2234130.0,20.0,2322000.0
user_018,키움증권,0.0199,28626,348410.0,45.0,322000.0
user_018,엔씨소프트,0.0331,43313,234280.0,61.0,235500.0
user_018,GS,0.0334,73049,64410.0,23.0,60800.0
user_018,한화오션,0.0192,1008205,142440.0,43.0,148000.0
user_018,우리금융지주,0.047,850098,27990.0,25.0,27950.0
user_018,이수페타시스,0.0333,524588,114820.0,99.0,111700.0
user_019,대한항공,0.0205,1215433,23060.0,3.0,24150.0
user_019,한미약품,0.0411,79493,479250.0,58.0,449500.0
user_019,SK스퀘어,0.0302,130489,466880.0,50.0,427500.0
user_019,SK하이닉스,0.0156,1281407,743840.0,80.0,747000.0
user_019,기아,0.0397,1562232,176920.0,17.0,164500.0
user_019,삼성중공업,0.0423,4442823,31920.0,96.0,30950.0
user_019,우리금융지주,0.047,850098,25630.0,37.0,27950.0
user_019,HD한국조선해양,0.0123,58474,456550.0,17.0,439500.0
user_019,현대모비스,0.023,307588,417940.0,26.0,447500.0
user_019,LG씨엔에스,0.0316,852337,63330.0,53.0,70300.0
user_020,한미약품,0.0411,79493,408620.0,92.0,449500.0
user_020,메리츠금융지주,0.0254,106603,116050.0,35.0,106200.0
user_020,SK이노베이션,0.0436,203375,103270.0,85.0,108000.0
user_020,LG이노텍,0.0444,70049,306280.0,35.0,278500.0
user_020,HMM,0.0361,1987968,20520.0,70.0,20500.0
user_020,현대차,0.02,2865006,491430.0,5.0,473500.0
user_020,KT,0.0486,213672,52300.0,100.0,54700.0
user_020,하이브,0.01,436090,405870.0,20.0,370000.0
user_020,크래프톤,0.0474,33836,220680.0,44.0,241500.0
user_020,우리금융지주,0.047,850098,26000.0,51.0,27950.0
user_021,SK,0.043,102669,282850.0,85.0,292000.0
user_021,한화시스템,0.0392,2486298,94830.0,75.0,92500.0
user_021,KT&G,0.0111,122499,138210.0,74.0,147300.0
user_021,LG전자,0.0111,1205696,98780.0,51.0,103400.0
user_021,LG에너지솔루션,0.035,283451,414220.0,1.0,402000.0
user_021,삼양식품,0.0256,21556,1311260.0,84.0,1203000.0
user_021,SK하이닉스,0.0156,1281407,795470.0,1.0,747000.0
user_021,대한항공,0.0205,1215433,23150.0,28.0,24150.0
user_021,한화에어로스페이스,0.0488,91130,1466850.0,3.0,1345000.0
user_021,현대글로비스,0.0444,321356,245790.0,86.0,257500.0
user_022,대한전선,0.016,1478960,25040.0,4.0,26300.0
user_022,현대모비스,0.023,307588,418610.0,69.0,447500.0
user_022,아모레퍼시픽,0.017,96899,109320.0,78.0,121200.0
user_022,삼성E&A,0.033,214349,26090.0,37.0,25550.0
user_022,삼성전자우,0.0271,2041032,114750.0,67.0,107300.0
user_022,한미약품,0.0411,79493,462870.0,34.0,449500.0
user_022,고려아연,0.0106,44065,1769630.0,28.0,1632000.0
user_022,LIG넥스원,0.0249,81080,567480.0,27.0,565000.0
user_022,삼성SDI,0.0286,1555599,305640.0,100.0,326000.0
user_022,SK스퀘어,0.0302,130489,418260.0,30.0,427500.0
user_023,포스코DX,0.0489,3630919,39250.0,34.0,42200.0
user_023,SK바이오팜,0.0114,92848,110240.0,50.0,119700.0
user_023,한화오션,0.0192,1008205,153200.0,49.0,148000.0
user_023,키움증권,0.0199,28626,349300.0,26.0,322000.0
user_023,한화시스템,0.0392,2486298,100790.0,86.0,92500.0
user_023,CJ,0.0235,39074,176640.0,31.0,190000.0
user_023,삼성에스디에스,0.037,86364,192390.0,9.0,180400.0
user_023,삼성증권,0.0224,174148,78400.0,17.0,82500.0
user_023,NAVER,0.0336,546622,231120.0,12.0,242000.0
user_023,POSCO홀딩스,0.0339,360131,372330.0,89.0,354000.0
user_024,HD현대일렉트릭,0.0388,69295,996890.0,40.0,909000.0
user_024,현대차,0.02,2865006,517300.0,15.0,473500.0
user_024,LG화학,0.0142,140889,314950.0,80.0,341000.0
user_024,우리금융지주,0.047,850098,26310.0,62.0,27950.0
user_024,한국항공우주,0.0439,605387,170820.0,9.0,166200.0
user_024,현대글로비스,0.0444,321356,242030.0,57.0,257500.0
user_024,아모레퍼시픽,0.017,96899,118720.0,14.0,121200.0
user_024,SK하이닉스,0.0156,1281407,785600.0,56.0,747000.0
user_024,KT&G,0.0111,122499,147960.0,42.0,147300.0
user_024,S-Oil,0.0265,81022,88070.0,21.0,90500.0
user_025,HD한국조선해양,0.0123,58474,442200.0,87.0,439500.0
user_025,삼양식품,0.0256,21556,1111660.0,17.0,1203000.0
user_025,코웨이,0.0468,88671,78380.0,95.0,76700.0
user_025,POSCO홀딩스,0.0339,360131,349520.0,83.0,354000.0
user_025,LG화학,0.0142,140889,320570.0,18.0,341000.0
user_025,삼성에스디에스,0.037,86364,165530.0,34.0,180400.0
user_025,한화,0.0371,370420,117820.0,42.0,125400.0
user_025,두산밥캣,0.0234,83708,61220.0,63.0,60900.0
user_025,한진칼,0.0186,23298,125690.0,39.0,127800.0
user_025,기아,0.0397,1562232,159700.0,100.0,164500.0
user_026,삼성중공업,0.0423,4442823,33450.0,31.0,30950.0
user_026,한전기술,0.0122,884671,155580.0,57.0,143900.0
user_026,현대로템,0.0225,738835,209120.0,76.0,220500.0
user_026,한미반도체,0.0103,562155,161560.0,67.0,174100.0
user_026,포스코인터내셔널,0.0363,634184,57750.0,67.0,63500.0
user_026,DB손해보험,0.0292,81586,130260.0,82.0,127900.0
user_026,포스코퓨처엠,0.043,470151,189700.0,85.0,205500.0
user_026,삼성카드,0.0194,28707,51770.0,93.0,53500.0
user_026,한진칼,0.0186,23298,129110.0,73.0,127800.0
user_026,HD현대중공업,0.0349,94028,605350.0,74.0,642000.0
user_027,현대모비스,0.023,307588,487670.0,18.0,447500.0
user_027,두산,0.0265,60831,848670.0,17.0,828000.0
user_027,LS ELECTRIC,0.0256,118134,473010.0,89.0,519000.0
user_027,한미반도체,0.0103,562155,163270.0,68.0,174100.0
user_027,현대차우,0.0103,331720,258350.0,9.0,280000.0
user_027,현대로템,0.0225,738835,230240.0,75.0,220500.0
user_027,삼성전자,0.0329,12997934,154250.0,82.0,146100.0
user_027,HMM,0.0361,1987968,22340.0,28.0,20500.0
user_027,SK이노베이션,0.0436,203375,103400.0,52.0,108000.0
user_027,LG전자,0.0111,1205696,95870.0,51.0,103400.0
user_028,LG씨엔에스,0.0316,852337,73300.0,85.0,70300.0
user_028,KT&G,0.0111,122499,144550.0,38.0,147300.0
user_028,삼성바이오로직스,0.032,14400,1805990.0,65.0,1937500.0
user_028,한화,0.0371,370420,124770.0,26.0,125400.0
user_028,NH투자증권,0.0231,290506,23970.0,36.0,22750.0
user_028,HD현대마린솔루션,0.0499,45945,187430.0,75.0,188350.0
user_028,현대오토에버,0.0415,244844,476060.0,15.0,463500.0
user_028,삼성전자우,0.0271,2041032,104700.0,36.0,107300.0
user_028,현대모비스,0.023,307588,465680.0,21.0,447500.0
user_028,삼성전자,0.0329,12997934,137070.0,98.0,146100.0
user_029,삼성전자우,0.0271,2041032,112290.0,88.0,107300.0
user_029,LG전자,0.0111,1205696,105340.0,70.0,103400.0
user_029,신한지주,0.0159,632026,80840.0,22.0,81100.0
user_029,LS ELECTRIC,0.0256,118134,536080.0,98.0,519000.0
user_029,한전기술,0.0122,884671,143630.0,20.0,143900.0
user_029,HD현대,0.0237,242408,245080.0,63.0,261500.0
user_029,삼성E&A,0.033,214349,23080.0,6.0,25550.0
user_029,현대모비스,0.023,307588,433950.0,85.0,447500.0
user_029,SK이노베이션,0.0436,203375,117450.0,69.0,108000.0
user_029,LG씨엔에스,0.0316,852337,71090.0,82.0,70300.0
user_030,현대오토에버,0.0415,244844,424070.0,69.0,463500.0
user_030,한화오션,0.0192,1008205,147160.0,9.0,148000.0
user_030,삼성에스디에스,0.037,86364,173900.0,50.0,180400.0
user_030,신한지주,0.0159,632026,83050.0,98.0,81100.0
user_030,키움증권,0.0199,28626,339600.0,11.0,322000.0
user_030,코웨이,0.0468,88671,80000.0,64.0,76700.0
user_030,삼성전기,0.0117,281875,255750.0,22.0,282500.0
user_030,삼성전자우,0.0271,2041032,116140.0,72.0,107300.0
user_030,아모레퍼시픽,0.017,96899,125710.0,61.0,121200.0
user_030,기아,0.0397,1562232,163260.0,6.0,164500.0
user_031,한국전력,0.0486,5141165,54760.0,46.0,59800.0
user_031,삼성바이오로직스,0.032,14400,1813720.0,16.0,1937500.0
user_031,SK,0.043,102669,283530.0,48.0,292000.0
user_031,LG디스플레이,0.0252,696979,12020.0,91.0,12440.0
user_031,LG에너지솔루션,0.035,283451,395210.0,23.0,402000.0
user_031,SK하이닉스,0.0156,1281407,806780.0,60.0,747000.0
user_031,SK스퀘어,0.0302,130489,466140.0,9.0,427500.0
user_031,하나금융지주,0.029,387295,99720.0,36.0,99900.0
user_031,LG전자,0.0111,1205696,94000.0,90.0,103400.0
user_031,카카오,0.0116,1151345,56260.0,9.0,58000.0
user_032,삼성전기,0.0117,281875,288830.0,12.0,282500.0
user_032,삼성SDI,0.0286,1555599,339690.0,17.0,326000.0
user_032,KT&G,0.0111,122499,141320.0,89.0,147300.0
user_032,HD현대마린솔루션,0.0499,45945,170910.0,85.0,188350.0
user_032,현대글로비스,0.0444,321356,279050.0,96.0,257500.0
user_032,삼성카드,0.0194,28707,55300.0,85.0,53500.0
user_032,신한지주,0.0159,632026,82940.0,12.0,81100.0
user_032,한전기술,0.0122,884671,138220.0,21.0,143900.0
user_032,삼성에스디에스,0.037,86364,198220.0,24.0,180400.0
user_032,고려아연,0.0106,44065,1548950.0,69.0,1632000.0
user_033,HD현대,0.0237,242408,237830.0,13.0,261500.0
user_033,에이피알,0.0443,267501,266960.0,33.0,244500.0
user_033,POSCO홀딩스,0.0339,360131,322140.0,76.0,354000.0
user_033,한미약품,0.0411,79493,440840.0,59.0,449500.0
user_033,LG에너지솔루션,0.035,283451,379510.0,54.0,402000.0
user_033,삼성전기,0.0117,281875,277740.0,62.0,282500.0
user_033,HD한국조선해양,0.0123,58474,403710.0,51.0,439500.0
user_033,HD현대마린솔루션,0.0499,45945,177610.0,37.0,188350.0
user_033,GS,0.0334,73049,55630.0,4.0,60800.0
user_033,카카오,0.0116,1151345,59350.0,18.0,58000.0
user_034,삼성바이오로직스,0.032,14400,1917980.0,59.0,1937500.0
user_034,삼성전기,0.0117,281875,305730.0,92.0,282500.0
user_034,효성중공업,0.0371,26610,2133060.0,77.0,2322000.0
user_034,KB금융,0.0271,422594,143340.0,37.0,133600.0
user_034,한화시스템,0.0392,2486298,98650.0,30.0,92500.0
user_034,HD현대중공업,0.0349,94028,695580.0,26.0,642000.0
user_034,삼성중공업,0.0423,4442823,29280.0,16.0,30950.0
user_034,SK하이닉스,0.0156,1281407,816450.0,23.0,747000.0
user_034,LG씨엔에스,0.0316,852337,76900.0,14.0,70300.0
user_034,CJ,0.0235,39074,199440.0,90.0,190000.0
user_035,셀트리온,0.0161,211585,206880.0,15.0,209500.0
user_035,이수페타시스,0.0333,524588,109450.0,28.0,111700.0
user_035,한국타이어앤테크놀로지,0.0441,140509,59300.0,55.0,64600.0
user_035,대한전선,0.016,1478960,24130.0,100.0,26300.0
user_035,삼성전기,0.0117,281875,290350.0,26.0,282500.0
user_035,아모레퍼시픽,0.017,96899,113430.0,20.0,121200.0
user_035,HMM,0.0361,1987968,22130.0,14.0,20500.0
user_035,카카오뱅크,0.0488,385480,21800.0,48.0,21300.0
user_035,포스코DX,0.0489,3630919,41510.0,1.0,42200.0
user_035,코웨이,0.0468,88671,72370.0,18.0,76700.0
user_036,삼성에스디에스,0.037,86364,197570.0,36.0,180400.0
user_036,DB손해보험,0.0292,81586,130260.0,56.0,127900.0
user_036,HD현대,0.0237,242408,247540.0,30.0,261500.0
user_036,한화에어로스페이스,0.0488,91130,1364300.0,26.0,1345000.0
user_036,대한항공,0.0205,1215433,22430.0,31.0,24150.0
user_036,에이피알,0.0443,267501,260020.0,76.0,244500.0
user_036,삼성바이오로직스,0.032,14400,2107140.0,93.0,1937500.0
user_036,현대모비스,0.023,307588,488290.0,85.0,447500.0
user_036,삼성화재,0.0207,29795,513990.0,76.0,491500.0
user_036,한국전력,0.0486,5141165,54120.0,98.0,59800.0
user_037,LIG넥스원,0.0249,81080,592670.0,27.0,565000.0
user_037,효성중공업,0.0371,26610,2341970.0,27.0,2322000.0
user_037,LG전자,0.0111,1205696,99980.0,71.0,103400.0
user_037,코웨이,0.0468,88671,74590.0,36.0,76700.0
user_037,SK하이닉스,0.0156,1281407,775100.0,35.0,747000.0
user_037,에이피알,0.0443,267501,236840.0,34.0,244500.0
user_037,삼성에스디에스,0.037,86364,185430.0,54.0,180400.0
user_037,LG유플러스,0.0235,251736,14710.0,57.0,15200.0
user_037,삼성전자우,0.0271,2041032,102620.0,71.0,107300.0
user_037,CJ,0.0235,39074,188620.0,53.0,190000.0
user_038,현대차,0.02,2865006,450380.0,11.0,473500.0
user_038,포스코퓨처엠,0.043,470151,185740.0,22.0,205500.0
user_038,에이피알,0.0443,267501,257240.0,34.0,244500.0
user_038,하이브,0.01,436090,338180.0,75.0,370000.0
user_038,현대모비스,0.023,307588,420080.0,77.0,447500.0
user_038,하나금융지주,0.029,387295,99150.0,87.0,99900.0
user_038,HD현대마린솔루션,0.0499,45945,178030.0,31.0,188350.0
user_038,한진칼,0.0186,23298,133110.0,82.0,127800.0
user_038,LIG넥스원,0.0249,81080,551530.0,42.0,565000.0
user_038,HD현대일렉트릭,0.0388,69295,830200.0,32.0,909000.0
user_039,우리금융지주,0.047,850098,26650.0,84.0,27950.0
user_039,하나금융지주,0.029,387295,94780.0,28.0,99900.0
user_039,크래프톤,0.0474,33836,247300.0,55.0,241500.0
user_039,삼성E&A,0.033,214349,25140.0,47.0,25550.0
user_039,한미반도체,0.0103,562155,175590.0,52.0,174100.0
user_039,KT,0.0486,213672,57220.0,38.0,54700.0
user_039,포스코DX,0.0489,3630919,44300.0,60.0,42200.0
user_039,현대로템,0.0225,738835,233000.0,27.0,220500.0
user_039,대한전선,0.016,1478960,28450.0,73.0,26300.0
user_039,현대차,0.02,2865006,486510.0,14.0,473500.0
user_040,포스코DX,0.0489,3630919,40540.0,83.0,42200.0
user_040,NAVER,0.0336,546622,247970.0,100.0,242000.0
user_040,두산로보틱스,0.0448,2638221,129280.0,51.0,119400.0
user_040,한국전력,0.0486,5141165,53890.0,53.0,59800.0
user_040,삼성증권,0.0224,174148,85920.0,18.0,82500.0
user_040,S-Oil,0.0265,81022,91850.0,15.0,90500.0
user_040,HMM,0.0361,1987968,20970.0,48.0,20500.0
user_040,LIG넥스원,0.0249,81080,573430.0,51.0,565000.0
user_040,KT&G,0.0111,122499,152090.0,82.0,147300.0
user_040,SK텔레콤,0.0333,2140624,56430.0,66.0,61900.0
user_041,한화시스템,0.0392,2486298,93950.0,65.0,92500.0
user_041,S-Oil,0.0265,81022,92670.0,32.0,90500.0
user_041,삼성E&A,0.033,214349,23960.0,60.0,25550.0
user_041,현대로템,0.0225,738835,206720.0,71.0,220500.0
user_041,삼성증권,0.0224,174148,75080.0,93.0,82500.0
user_041,SK이노베이션,0.0436,203375,114220.0,6.0,108000.0
user_041,코웨이,0.0468,88671,78150.0,93.0,76700.0
user_041,삼성생명,0.0189,215502,182050.0,23.0,176300.0
user_041,KT&G,0.0111,122499,147640.0,37.0,147300.0
user_041,현대모비스,0.023,307588,477290.0,17.0,447500.0
user_042,현대차우,0.0103,331720,253210.0,83.0,280000.0
user_042,셀트리온,0.0161,211585,216720.0,12.0,209500.0
user_042,삼성중공업,0.0423,4442823,31120.0,26.0,30950.0
user_042,대한전선,0.016,1478960,28630.0,95.0,26300.0
user_042,POSCO홀딩스,0.0339,360131,376030.0,4.0,354000.0
user_042,삼성카드,0.0194,28707,52380.0,94.0,53500.0
user_042,현대오토에버,0.0415,244844,496190.0,44.0,463500.0
user_042,SK이노베이션,0.0436,203375,103640.0,20.0,108000.0
user_042,아모레퍼시픽,0.017,96899,114950.0,5.0,121200.0
user_042,한미반도체,0.0103,562155,168450.0,90.0,174100.0
user_043,포스코DX,0.0489,3630919,42150.0,76.0,42200.0
user_043,LG디스플레이,0.0252,696979,12400.0,37.0,12440.0
user_043,LG씨엔에스,0.0316,852337,69220.0,95.0,70300.0
user_043,현대모비스,0.023,307588,452430.0,10.0,447500.0
user_043,SK바이오팜,0.0114,92848,126150.0,37.0,119700.0
user_043,하나금융지주,0.029,387295,90570.0,69.0,99900.0
user_043,한국항공우주,0.0439,605387,151660.0,53.0,166200.0
user_043,삼성바이오로직스,0.032,14400,1962380.0,57.0,1937500.0
user_043,삼성생명,0.0189,215502,165530.0,58.0,176300.0
user_043,SK텔레콤,0.0333,2140624,67750.0,51.0,61900.0
user_044,현대모비스,0.023,307588,446380.0,89.0,447500.0
user_044,한미약품,0.0411,79493,454410.0,50.0,449500.0
user_044,포스코인터내셔널,0.0363,634184,66110.0,34.0,63500.0
user_044,삼성전자,0.0329,12997934,147260.0,38.0,146100.0
user_044,카카오페이,0.0347,551536,45350.0,87.0,50200.0
user_044,현대차우,0.0103,331720,305580.0,14.0,280000.0
user_044,SK,0.043,102669,314260.0,34.0,292000.0
user_044,SK하이닉스,0.0156,1281407,719510.0,76.0,747000.0
user_044,현대건설,0.0328,1020631,115280.0,68.0,109200.0
user_044,미래에셋증권,0.0197,2119223,30970.0,42.0,30750.0
user_045,삼성증권,0.0224,174148,89990.0,81.0,82500.0
user_045,두산밥캣,0.0234,83708,60040.0,8.0,60900.0
user_045,삼성에스디에스,0.037,86364,165950.0,13.0,180400.0
user_045,SK이노베이션,0.0436,203375,105510.0,28.0,108000.0
user_045,LS ELECTRIC,0.0256,118134,487470.0,98.0,519000.0
user_045,신한지주,0.0159,632026,80340.0,15.0,81100.0
user_045,하이브,0.01,436090,384930.0,57.0,370000.0
user_045,삼성SDI,0.0286,1555599,305040.0,80.0,326000.0
user_045,HD현대마린솔루션,0.0499,45945,181290.0,5.0,188350.0
user_045,한미약품,0.0411,79493,430000.0,94.0,449500.0
user_046,포스코퓨처엠,0.043,470151,202660.0,96.0,205500.0
user_046,SK이노베이션,0.0436,203375,108150.0,74.0,108000.0
user_046,삼성SDI,0.0286,1555599,312030.0,9.0,326000.0
user_046,HD현대마린솔루션,0.0499,45945,190470.0,58.0,188350.0
user_046,맥쿼리인프라,0.0119,881600,11460.0,28.0,11435.0
user_046,현대건설,0.0328,1020631,105990.0,93.0,109200.0
user_046,SK하이닉스,0.0156,1281407,806930.0,14.0,747000.0
user_046,NH투자증권,0.0231,290506,22730.0,62.0,22750.0
user_046,HD현대중공업,0.0349,94028,609670.0,40.0,642000.0
user_046,S-Oil,0.0265,81022,83960.0,56.0,90500.0
user_047,현대차우,0.0103,331720,252940.0,7.0,280000.0
user_047,삼성전자,0.0329,12997934,153350.0,67.0,146100.0
user_047,LS ELECTRIC,0.0256,118134,467700.0,88.0,519000.0
user_047,한미약품,0.0411,79493,487430.0,58.0,449500.0
user_047,코웨이,0.0468,88671,71590.0,90.0,76700.0
user_047,SK,0.043,102669,311670.0,22.0,292000.0
user_047,삼성전자우,0.0271,2041032,97530.0,65.0,107300.0
user_047,KT&G,0.0111,122499,158740.0,43.0,147300.0
user_047,현대로템,0.0225,738835,203180.0,85.0,220500.0
user_047,S-Oil,0.0265,81022,95650.0,31.0,90500.0
user_048,S-Oil,0.0265,81022,85790.0,65.0,90500.0
user_048,한진칼,0.0186,23298,136650.0,77.0,127800.0
user_048,키움증권,0.0199,28626,299970.0,45.0,322000.0
user_048,한화오션,0.0192,1008205,136260.0,38.0,148000.0
user_048,한전기술,0.0122,884671,134640.0,93.0,143900.0
user_048,현대오토에버,0.0415,244844,485210.0,52.0,463500.0
user_048,엔씨소프트,0.0331,43313,230090.0,70.0,235500.0
user_048,하나금융지주,0.029,387295,94990.0,68.0,99900.0
user_048,CJ,0.0235,39074,205160.0,30.0,190000.0
user_048,대한항공,0.0205,1215433,21910.0,63.0,24150.0
user_049,카카오페이,0.0347,551536,53430.0,1.0,50200.0
user_049,맥쿼리인프라,0.0119,881600,10810.0,18.0,11435.0
user_049,삼성화재,0.0207,29795,459470.0,52.0,491500.0
user_049,한국금융지주,0.0455,76692,194050.0,39.0,181100.0
user_049,HD현대,0.0237,242408,235560.0,55.0,261500.0
user_049,삼성SDI,0.0286,1555599,300380.0,99.0,326000.0
user_049,두산밥캣,0.0234,83708,55900.0,74.0,60900.0
user_049,효성중공업,0.0371,26610,2158620.0,81.0,2322000.0
user_049,신한지주,0.0159,632026,83790.0,4.0,81100.0
user_049,현대차우,0.0103,331720,272810.0,38.0,280000.0
user_050,삼성생명,0.0189,215502,187130.0,62.0,176300.0
user_050,SK이노베이션,0.0436,203375,116760.0,1.0,108000.0
user_050,삼성전자,0.0329,12997934,159250.0,78.0,146100.0
user_050,LG유플러스,0.0235,251736,15710.0,63.0,15200.0
user_050,이수페타시스,0.0333,524588,104190.0,37.0,111700.0
user_050,유한양행,0.039,247935,103710.0,32.0,108200.0
user_050,삼성전자우,0.0271,2041032,101820.0,44.0,107300.0
user_050,하이브,0.01,436090,388300.0,13.0,370000.0
user_050,포스코퓨처엠,0.043,470151,201650.0,5.0,205500.0
user_050,한국전력,0.0486,5141165,61210.0,47.0,59800.0
user_051,SK텔레콤,0.0333,2140624,64810.0,2.0,61900.0
user_051,한국타이어앤테크놀로지,0.0441,140509,70630.0,25.0,64600.0
user_051,삼성카드,0.0194,28707,57120.0,55.0,53500.0
user_051,삼성E&A,0.033,214349,28060.0,100.0,25550.0
user_051,두산,0.0265,60831,794470.0,2.0,828000.0
user_051,두산에너빌리티,0.0396,4222395,87510.0,60.0,94700.0
user_051,삼성생명,0.0189,215502,173910.0,45.0,176300.0
user_051,대한전선,0.016,1478960,28780.0,97.0,26300.0
user_051,효성중공업,0.0371,26610,2414240.0,48.0,2322000.0
user_051,삼성중공업,0.0423,4442823,33860.0,61.0,30950.0
user_052,고려아연,0.0106,44065,1595610.0,19.0,1632000.0
user_052,미래에셋증권,0.0197,2119223,30540.0,33.0,30750.0
user_052,한화에어로스페이스,0.0488,91130,1326010.0,19.0,1345000.0
user_052,삼성E&A,0.033,214349,25270.0,15.0,25550.0
user_052,삼성카드,0.0194,28707,51920.0,31.0,53500.0
user_052,NAVER,0.0336,546622,243770.0,70.0,242000.0
user_052,LG화학,0.0142,140889,340800.0,33.0,341000.0
user_052,LS ELECTRIC,0.0256,118134,485970.0,22.0,519000.0
user_052,SK스퀘어,0.0302,130489,469940.0,12.0,427500.0
user_052,한화시스템,0.0392,2486298,88240.0,29.0,92500.0
user_053,고려아연,0.0106,44065,1693820.0,54.0,1632000.0
user_053,삼성바이오로직스,0.032,14400,1890690.0,53.0,1937500.0
user_053,삼성카드,0.0194,28707,57450.0,47.0,53500.0
user_053,삼성E&A,0.033,214349,25140.0,44.0,25550.0
user_053,한미반도체,0.0103,562155,173340.0,73.0,174100.0
user_053,현대차우,0.0103,331720,277970.0,59.0,280000.0
user_053,LG이노텍,0.0444,70049,273720.0,67.0,278500.0
user_053,KT&G,0.0111,122499,155270.0,99.0,147300.0
user_053,현대모비스,0.023,307588,465080.0,78.0,447500.0
user_053,하나금융지주,0.029,387295,107940.0,65.0,99900.0
user_054,LG전자,0.0111,1205696,112250.0,2.0,103400.0
user_054,기업은행,0.0432,407015,19160.0,68.0,20550.0
user_054,삼성전기,0.0117,281875,279540.0,40.0,282500.0
user_054,LIG넥스원,0.0249,81080,514360.0,81.0,565000.0
user_054,유한양행,0.039,247935,101990.0,98.0,108200.0
user_054,현대모비스,0.023,307588,429700.0,58.0,447500.0
user_054,한화에어로스페이스,0.0488,91130,1237100.0,46.0,1345000.0
user_054,대한전선,0.016,1478960,27290.0,55.0,26300.0
user_054,포스코인터내셔널,0.0363,634184,57510.0,22.0,63500.0
user_054,한진칼,0.0186,23298,135510.0,63.0,127800.0
user_055,LG씨엔에스,0.0316,852337,66860.0,16.0,70300.0
user_055,두산,0.0265,60831,852330.0,65.0,828000.0
user_055,LS,0.0142,72568,203360.0,45.0,217500.0
user_055,POSCO홀딩스,0.0339,360131,325460.0,21.0,354000.0
user_055,LG화학,0.0142,140889,313740.0,82.0,341000.0
user_055,한화오션,0.0192,1008205,135560.0,4.0,148000.0
user_055,HMM,0.0361,1987968,20850.0,66.0,20500.0
user_055,현대글로비스,0.0444,321356,275740.0,9.0,257500.0
user_055,LG에너지솔루션,0.035,283451,408760.0,100.0,402000.0
user_055,LG유플러스,0.0235,251736,14460.0,23.0,15200.0
user_056,하나금융지주,0.029,387295,100110.0,16.0,99900.0
user_056,삼성물산,0.0413,240223,279160.0,54.0,303000.0
user_056,LG씨엔에스,0.0316,852337,76420.0,72.0,70300.0
user_056,현대모비스,0.023,307588,436570.0,96.0,447500.0
user_056,엔씨소프트,0.0331,43313,222590.0,29.0,235500.0
user_056,기업은행,0.0432,407015,21170.0,75.0,20550.0
user_056,코웨이,0.0468,88671,82230.0,32.0,76700.0
user_056,POSCO홀딩스,0.0339,360131,353890.0,75.0,354000.0
user_056,미래에셋증권,0.0197,2119223,32730.0,48.0,30750.0
user_056,한미약품,0.0411,79493,452590.0,54.0,449500.0
user_057,삼성전기,0.0117,281875,285020.0,93.0,282500.0
user_057,카카오,0.0116,1151345,60470.0,14.0,58000.0
user_057,두산로보틱스,0.0448,2638221,124200.0,50.0,119400.0
user_057,메리츠금융지주,0.0254,106603,110940.0,79.0,106200.0
user_057,삼성중공업,0.0423,4442823,31440.0,5.0,30950.0
user_057,우리금융지주,0.047,850098,26630.0,7.0,27950.0
user_057,SK하이닉스,0.0156,1281407,691240.0,77.0,747000.0
user_057,하이브,0.01,436090,354580.0,88.0,370000.0
user_057,아모레퍼시픽,0.017,96899,122860.0,94.0,121200.0
user_057,POSCO홀딩스,0.0339,360131,335980.0,86.0,354000.0
user_058,LG,0.0186,115670,89550.0,25.0,88300.0
user_058,SK,0.043,102669,302580.0,82.0,292000.0
user_058,포스코인터내셔널,0.0363,634184,67850.0,80.0,63500.0
user_058,한화,0.0371,370420,120120.0,2.0,125400.0
user_058,DB손해보험,0.0292,81586,119670.0,40.0,127900.0
user_058,한국타이어앤테크놀로지,0.0441,140509,71010.0,57.0,64600.0
user_058,에이피알,0.0443,267501,222990.0,42.0,244500.0
user_058,GS,0.0334,73049,62390.0,76.0,60800.0
user_058,현대모비스,0.023,307588,434660.0,24.0,447500.0
user_058,현대건설,0.0328,1020631,108340.0,63.0,109200.0
user_059,삼성물산,0.0413,240223,325970.0,20.0,303000.0
user_059,삼성바이오로직스,0.032,14400,1941500.0,59.0,1937500.0
user_059,HMM,0.0361,1987968,20500.0,20.0,20500.0
user_059,한화,0.0371,370420,117080.0,69.0,125400.0
user_059,카카오,0.0116,1151345,54110.0,6.0,58000.0
user_059,LG씨엔에스,0.0316,852337,71280.0,42.0,70300.0
user_059,신한지주,0.0159,632026,79400.0,16.0,81100.0
user_059,한국타이어앤테크놀로지,0.0441,140509,65800.0,71.0,64600.0
user_059,삼성중공업,0.0423,4442823,28850.0,14.0,30950.0
user_059,HD한국조선해양,0.0123,58474,463170.0,16.0,439500.0
user_060,한국타이어앤테크놀로지,0.0441,140509,58500.0,77.0,64600.0
user_060,현대모비스,0.023,307588,425870.0,35.0,447500.0
user_060,HD현대마린솔루션,0.0499,45945,188670.0,98.0,188350.0
user_060,삼성생명,0.0189,215502,191080.0,83.0,176300.0
user_060,두산밥캣,0.0234,83708,58420.0,72.0,60900.0
user_060,GS,0.0334,73049,55390.0,83.0,60800.0
user_060,하나금융지주,0.029,387295,92310.0,72.0,99900.0
user_060,현대로템,0.0225,738835,199070.0,60.0,220500.0
user_060,한화시스템,0.0392,2486298,86760.0,22.0,92500.0
user_060,HD현대중공업,0.0349,94028,627070.0,40.0,642000.0
user_061,HD현대,0.0237,242408,241450.0,45.0,261500.0
user_061,SK이노베이션,0.0436,203375,101300.0,90.0,108000.0
user_061,한국금융지주,0.0455,76692,185050.0,92.0,181100.0
user_061,두산,0.0265,60831,873680.0,62.0,828000.0
user_061,HD현대중공업,0.0349,94028,580530.0,69.0,642000.0
user_061,삼성전자,0.0329,12997934,152630.0,14.0,146100.0
user_061,효성중공업,0.0371,26610,2233340.0,99.0,2322000.0
user_061,에이피알,0.0443,267501,228440.0,100.0,244500.0
user_061,삼양식품,0.0256,21556,1299920.0,80.0,1203000.0
user_061,아모레퍼시픽,0.017,96899,117880.0,74.0,121200.0
user_062,SK이노베이션,0.0436,203375,114120.0,88.0,108000.0
user_062,한전기술,0.0122,884671,156550.0,94.0,143900.0
user_062,삼성물산,0.0413,240223,324720.0,25.0,303000.0
user_062,포스코인터내셔널,0.0363,634184,65130.0,18.0,63500.0
user_062,현대모비스,0.023,307588,463700.0,19.0,447500.0
user_062,한국항공우주,0.0439,605387,181410.0,29.0,166200.0
user_062,삼성중공업,0.0423,4442823,32690.0,18.0,30950.0
user_062,삼성E&A,0.033,214349,27050.0,72.0,25550.0
user_062,한화오션,0.0192,1008205,137970.0,70.0,148000.0
user_062,LG에너지솔루션,0.035,283451,433910.0,86.0,402000.0
user_063,포스코DX,0.0489,3630919,42990.0,7.0,42200.0
user_063,KT&G,0.0111,122499,154270.0,3.0,147300.0
user_063,카카오,0.0116,1151345,60470.0,69.0,58000.0
user_063,현대모비스,0.023,307588,423620.0,96.0,447500.0
user_063,삼성바이오로직스,0.032,14400,1824490.0,68.0,1937500.0
user_063,삼성카드,0.0194,28707,55270.0,39.0,53500.0
user_063,대한전선,0.016,1478960,25850.0,13.0,26300.0
user_063,삼성전자우,0.0271,2041032,111460.0,20.0,107300.0
user_063,SK이노베이션,0.0436,203375,112250.0,80.0,108000.0
user_063,현대로템,0.0225,738835,219880.0,35.0,220500.0
user_064,LG유플러스,0.0235,251736,13910.0,50.0,15200.0
user_064,KT,0.0486,213672,49530.0,5.0,54700.0
user_064,S-Oil,0.0265,81022,85690.0,46.0,90500.0
user_064,현대차2우B,0.028,286227,299280.0,79.0,288000.0
user_064,키움증권,0.0199,28626,290370.0,41.0,322000.0
user_064,현대차,0.02,2865006,474610.0,88.0,473500.0
user_064,한국금융지주,0.0455,76692,196520.0,45.0,181100.0
user_064,현대로템,0.0225,738835,203600.0,36.0,220500.0
user_064,한화에어로스페이스,0.0488,91130,1391650.0,57.0,1345000.0
user_064,한국항공우주,0.0439,605387,154220.0,2.0,166200.0
user_065,고려아연,0.0106,44065,1569150.0,73.0,1632000.0
user_065,한국금융지주,0.0455,76692,190260.0,36.0,181100.0
user_065,현대모비스,0.023,307588,435060.0,49.0,447500.0
user_065,삼성증권,0.0224,174148,90290.0,15.0,82500.0
user_065,현대글로비스,0.0444,321356,244330.0,34.0,257500.0
user_065,한미약품,0.0411,79493,420600.0,63.0,449500.0
user_065,SK,0.043,102669,262890.0,26.0,292000.0
user_065,크래프톤,0.0474,33836,236680.0,60.0,241500.0
user_065,카카오,0.0116,1151345,54970.0,72.0,58000.0
user_065,두산로보틱스,0.0448,2638221,119430.0,98.0,119400.0
user_066,HD현대중공업,0.0349,94028,663710.0,20.0,642000.0
user_066,한전기술,0.0122,884671,149360.0,70.0,143900.0
user_066,LG에너지솔루션,0.035,283451,411120.0,73.0,402000.0
user_066,한화오션,0.0192,1008205,142230.0,64.0,148000.0
user_066,크래프톤,0.0474,33836,218290.0,76.0,241500.0
user_066,LG전자,0.0111,1205696,104100.0,75.0,103400.0
user_066,SK텔레콤,0.0333,2140624,60340.0,4.0,61900.0
user_066,미래에셋증권,0.0197,2119223,28970.0,14.0,30750.0
user_066,카카오페이,0.0347,551536,53680.0,41.0,50200.0
user_066,한미약품,0.0411,79493,432830.0,5.0,449500.0
user_067,포스코DX,0.0489,3630919,45670.0,78.0,42200.0
user_067,현대글로비스,0.0444,321356,280930.0,95.0,257500.0
user_067,현대차2우B,0.028,286227,288790.0,99.0,288000.0
user_067,이수페타시스,0.0333,524588,116780.0,42.0,111700.0
user_067,한화에어로스페이스,0.0488,91130,1402080.0,74.0,1345000.0
user_067,NAVER,0.0336,546622,230380.0,9.0,242000.0
user_067,대한전선,0.016,1478960,28840.0,1.0,26300.0
user_067,삼성전자,0.0329,12997934,142940.0,98.0,146100.0
user_067,삼성바이오로직스,0.032,14400,2054700.0,24.0,1937500.0
user_067,카카오,0.0116,1151345,55300.0,94.0,58000.0
user_068,유한양행,0.039,247935,109110.0,45.0,108200.0
user_068,고려아연,0.0106,44065,1562240.0,4.0,1632000.0
user_068,한국금융지주,0.0455,76692,189220.0,26.0,181100.0
user_068,카카오페이,0.0347,551536,45700.0,6.0,50200.0
user_068,한화오션,0.0192,1008205,141710.0,85.0,148000.0
user_068,한진칼,0.0186,23298,125860.0,60.0,127800.0
user_068,한화시스템,0.0392,2486298,90390.0,42.0,92500.0
user_068,셀트리온,0.0161,211585,216020.0,34.0,209500.0
user_068,SK이노베이션,0.0436,203375,103010.0,50.0,108000.0
user_068,아모레퍼시픽,0.017,96899,117460.0,23.0,121200.0
user_069,KB금융,0.0271,422594,124360.0,93.0,133600.0
user_069,현대차2우B,0.028,286227,315000.0,14.0,288000.0
user_069,LG디스플레이,0.0252,696979,12300.0,12.0,12440.0
user_069,KT,0.0486,213672,53290.0,5.0,54700.0
user_069,엔씨소프트,0.0331,43313,222040.0,11.0,235500.0
user_069,키움증권,0.0199,28626,334550.0,73.0,322000.0
user_069,아모레퍼시픽,0.017,96899,111550.0,46.0,121200.0
user_069,맥쿼리인프라,0.0119,881600,12340.0,26.0,11435.0
user_069,LIG넥스원,0.0249,81080,558570.0,27.0,565000.0
user_069,HD현대일렉트릭,0.0388,69295,903570.0,12.0,909000.0
user_070,대한전선,0.016,1478960,23680.0,49.0,26300.0
user_070,카카오뱅크,0.0488,385480,19650.0,85.0,21300.0
user_070,SK하이닉스,0.0156,1281407,695710.0,27.0,747000.0
user_070,셀트리온,0.0161,211585,194510.0,9.0,209500.0
user_070,DB손해보험,0.0292,81586,127820.0,4.0,127900.0
user_070,HD한국조선해양,0.0123,58474,402570.0,97.0,439500.0
user_070,한국항공우주,0.0439,605387,179320.0,75.0,166200.0
user_070,NH투자증권,0.0231,290506,24750.0,69.0,22750.0
user_070,현대글로비스,0.0444,321356,270470.0,16.0,257500.0
user_070,LG전자,0.0111,1205696,100780.0,88.0,103400.0
user_071,LG이노텍,0.0444,70049,280930.0,81.0,278500.0
user_071,GS,0.0334,73049,63650.0,36.0,60800.0
user_071,대한전선,0.016,1478960,25030.0,25.0,26300.0
user_071,한국항공우주,0.0439,605387,169930.0,26.0,166200.0
user_071,현대로템,0.0225,738835,224770.0,6.0,220500.0
user_071,키움증권,0.0199,28626,317260.0,79.0,322000.0
user_071,포스코DX,0.0489,3630919,44460.0,43.0,42200.0
user_071,삼성SDI,0.0286,1555599,296990.0,19.0,326000.0
user_071,삼성물산,0.0413,240223,296350.0,42.0,303000.0
user_071,NAVER,0.0336,546622,263680.0,74.0,242000.0
user_072,한국타이어앤테크놀로지,0.0441,140509,60800.0,25.0,64600.0
user_072,현대건설,0.0328,1020631,100290.0,19.0,109200.0
user_072,포스코퓨처엠,0.043,470151,221680.0,90.0,205500.0
user_072,HD현대마린솔루션,0.0499,45945,200780.0,2.0,188350.0
user_072,포스코인터내셔널,0.0363,634184,69430.0,2.0,63500.0
user_072,SK,0.043,102669,300460.0,26.0,292000.0
user_072,하나금융지주,0.029,387295,104190.0,83.0,99900.0
user_072,삼성E&A,0.033,214349,23990.0,48.0,25550.0
user_072,두산,0.0265,60831,834650.0,32.0,828000.0
user_072,NAVER,0.0336,546622,229550.0,88.0,242000.0
user_073,포스코DX,0.0489,3630919,41080.0,19.0,42200.0
user_073,KT,0.0486,213672,54880.0,94.0,54700.0
user_073,하나금융지주,0.029,387295,96960.0,41.0,99900.0
user_073,한미약품,0.0411,79493,423530.0,20.0,449500.0
user_073,SK바이오팜,0.0114,92848,110060.0,12.0,119700.0
user_073,HD한국조선해양,0.0123,58474,431710.0,91.0,439500.0
user_073,HD현대,0.0237,242408,256530.0,26.0,261500.0
user_073,삼성SDI,0.0286,1555599,335360.0,91.0,326000.0
user_073,LS,0.0142,72568,204110.0,29.0,217500.0
user_073,LG,0.0186,115670,96920.0,4.0,88300.0
user_074,LG유플러스,0.0235,251736,14170.0,44.0,15200.0
user_074,SK텔레콤,0.0333,2140624,58690.0,39.0,61900.0
user_074,두산밥캣,0.0234,83708,59560.0,97.0,60900.0
user_074,두산로보틱스,0.0448,2638221,122380.0,4.0,119400.0
user_074,우리금융지주,0.047,850098,28610.0,4.0,27950.0
user_074,SK이노베이션,0.0436,203375,111500.0,92.0,108000.0
user_074,삼성전자,0.0329,12997934,140360.0,94.0,146100.0
user_074,NAVER,0.0336,546622,250380.0,49.0,242000.0
user_074,LS,0.0142,72568,197500.0,18.0,217500.0
user_074,KT&G,0.0111,122499,147360.0,88.0,147300.0
user_075,LS,0.0142,72568,237670.0,95.0,217500.0
user_075,우리금융지주,0.047,850098,27410.0,79.0,27950.0
user_075,현대차2우B,0.028,286227,281640.0,48.0,288000.0
user_075,하나금융지주,0.029,387295,106950.0,90.0,99900.0
user_075,기아,0.0397,1562232,166780.0,9.0,164500.0
user_075,LG전자,0.0111,1205696,107300.0,6.0,103400.0
user_075,S-Oil,0.0265,81022,82220.0,80.0,90500.0
user_075,포스코인터내셔널,0.0363,634184,63360.0,5.0,63500.0
user_075,SK,0.043,102669,295020.0,51.0,292000.0
user_075,SK텔레콤,0.0333,2140624,61860.0,94.0,61900.0
user_076,LG,0.0186,115670,84800.0,42.0,88300.0
user_076,POSCO홀딩스,0.0339,360131,355380.0,84.0,354000.0
user_076,삼성E&A,0.033,214349,26330.0,11.0,25550.0
user_076,키움증권,0.0199,28626,295720.0,36.0,322000.0
user_076,포스코DX,0.0489,3630919,41730.0,78.0,42200.0
user_076,LG전자,0.0111,1205696,112140.0,35.0,103400.0
user_076,삼성증권,0.0224,174148,83590.0,58.0,82500.0
user_076,KT,0.0486,213672,57850.0,20.0,54700.0
user_076,한화오션,0.0192,1008205,159070.0,92.0,148000.0
user_076,유한양행,0.039,247935,109370.0,18.0,108200.0
user_077,현대차우,0.0103,331720,273120.0,95.0,280000.0
user_077,키움증권,0.0199,28626,345220.0,66.0,322000.0
user_077,KB금융,0.0271,422594,133160.0,71.0,133600.0
user_077,대한전선,0.016,1478960,27040.0,46.0,26300.0
user_077,한미반도체,0.0103,562155,176360.0,32.0,174100.0
user_077,삼양식품,0.0256,21556,1142160.0,41.0,1203000.0
user_077,HMM,0.0361,1987968,21240.0,23.0,20500.0
user_077,현대오토에버,0.0415,244844,469580.0,34.0,463500.0
user_077,효성중공업,0.0371,26610,2497480.0,37.0,2322000.0
user_077,엔씨소프트,0.0331,43313,244450.0,1.0,235500.0
user_078,한국타이어앤테크놀로지,0.0441,140509,58850.0,9.0,64600.0
user_078,HD현대일렉트릭,0.0388,69295,919050.0,75.0,909000.0
user_078,LG유플러스,0.0235,251736,15920.0,82.0,15200.0
user_078,KB금융,0.0271,422594,145310.0,28.0,133600.0
user_078,LG씨엔에스,0.0316,852337,73070.0,1.0,70300.0
user_078,SK이노베이션,0.0436,203375,100150.0,42.0,108000.0
user_078,한진칼,0.0186,23298,126080.0,23.0,127800.0
user_078,S-Oil,0.0265,81022,82190.0,52.0,90500.0
user_078,셀트리온,0.0161,211585,215170.0,64.0,209500.0
user_078,기업은행,0.0432,407015,20100.0,29.0,20550.0
user_079,삼성전자우,0.0271,2041032,114760.0,7.0,107300.0
user_079,LG디스플레이,0.0252,696979,13350.0,22.0,12440.0
user_079,CJ,0.0235,39074,193110.0,93.0,190000.0
user_079,현대로템,0.0225,738835,204040.0,85.0,220500.0
user_079,삼성생명,0.0189,215502,180540.0,21.0,176300.0
user_079,두산밥캣,0.0234,83708,65610.0,95.0,60900.0
user_079,POSCO홀딩스,0.0339,360131,381460.0,21.0,354000.0
user_079,대한항공,0.0205,1215433,24000.0,85.0,24150.0
user_079,NH투자증권,0.0231,290506,21270.0,53.0,22750.0
user_079,한화오션,0.0192,1008205,150590.0,80.0,148000.0
user_080,삼양식품,0.0256,21556,1199100.0,58.0,1203000.0
user_080,HMM,0.0361,1987968,20460.0,31.0,20500.0
user_080,삼성에스디에스,0.037,86364,170070.0,15.0,180400.0
user_080,대한항공,0.0205,1215433,22910.0,59.0,24150.0
user_080,HD현대,0.0237,242408,286520.0,64.0,261500.0
user_080,포스코퓨처엠,0.043,470151,220840.0,96.0,205500.0
user_080,대한전선,0.016,1478960,27590.0,34.0,26300.0
user_080,LG화학,0.0142,140889,310320.0,63.0,341000.0
user_080,삼성화재,0.0207,29795,519800.0,57.0,491500.0
user_080,LG디스플레이,0.0252,696979,13560.0,65.0,12440.0
user_081,HD현대일렉트릭,0.0388,69295,973290.0,77.0,909000.0
user_081,삼성중공업,0.0423,4442823,29540.0,24.0,30950.0
user_081,삼성카드,0.0194,28707,50130.0,89.0,53500.0
user_081,LS,0.0142,72568,220910.0,65.0,217500.0
user_081,삼양식품,0.0256,21556,1313680.0,67.0,1203000.0
user_081,SK텔레콤,0.0333,2140624,59490.0,29.0,61900.0
user_081,삼성생명,0.0189,215502,175310.0,54.0,176300.0
user_081,LIG넥스원,0.0249,81080,599020.0,88.0,565000.0
user_081,두산로보틱스,0.0448,2638221,127980.0,55.0,119400.0
user_081,SK바이오팜,0.0114,92848,128440.0,98.0,119700.0
user_082,SK텔레콤,0.0333,2140624,61980.0,68.0,61900.0
user_082,삼성카드,0.0194,28707,51820.0,33.0,53500.0
user_082,한화,0.0371,370420,128450.0,22.0,125400.0
user_082,에이피알,0.0443,267501,246980.0,78.0,244500.0
user_082,한전기술,0.0122,884671,153590.0,53.0,143900.0
user_082,삼성전자우,0.0271,2041032,97830.0,96.0,107300.0
user_082,삼성물산,0.0413,240223,315770.0,12.0,303000.0
user_082,KT,0.0486,213672,54330.0,95.0,54700.0
user_082,카카오뱅크,0.0488,385480,20930.0,91.0,21300.0
user_082,삼성바이오로직스,0.032,14400,2122700.0,82.0,1937500.0
user_083,현대차,0.02,2865006,444090.0,72.0,473500.0
user_083,현대차우,0.0103,331720,286520.0,11.0,280000.0
user_083,S-Oil,0.0265,81022,98320.0,98.0,90500.0
user_083,고려아연,0.0106,44065,1477450.0,38.0,1632000.0
user_083,카카오뱅크,0.0488,385480,20630.0,30.0,21300.0
user_083,한화시스템,0.0392,2486298,89230.0,5.0,92500.0
user_083,삼성전자,0.0329,12997934,136920.0,36.0,146100.0
user_083,두산,0.0265,60831,752550.0,95.0,828000.0
user_083,에이피알,0.0443,267501,245690.0,42.0,244500.0
user_083,현대오토에버,0.0415,244844,425970.0,63.0,463500.0
user_084,카카오,0.0116,1151345,55350.0,9.0,58000.0
user_084,두산에너빌리티,0.0396,4222395,92470.0,82.0,94700.0
user_084,삼성중공업,0.0423,4442823,30880.0,45.0,30950.0
user_084,우리금융지주,0.047,850098,25720.0,55.0,27950.0
user_084,삼성증권,0.0224,174148,74470.0,10.0,82500.0
user_084,현대차우,0.0103,331720,258720.0,3.0,280000.0
user_084,LS,0.0142,72568,229510.0,61.0,217500.0
user_084,HD현대일렉트릭,0.0388,69295,848640.0,4.0,909000.0
user_084,SK텔레콤,0.0333,2140624,64210.0,83.0,61900.0
user_084,메리츠금융지주,0.0254,106603,114600.0,48.0,106200.0
user_085,LIG넥스원,0.0249,81080,586210.0,69.0,565000.0
user_085,SK,0.043,102669,295790.0,79.0,292000.0
user_085,SK스퀘어,0.0302,130489,456490.0,4.0,427500.0
user_085,현대건설,0.0328,1020631,112740.0,9.0,109200.0
user_085,LS ELECTRIC,0.0256,118134,506600.0,98.0,519000.0
user_085,삼성증권,0.0224,174148,90700.0,41.0,82500.0
user_085,LG이노텍,0.0444,70049,258880.0,21.0,278500.0
user_085,현대차2우B,0.028,286227,299370.0,29.0,288000.0
user_085,유한양행,0.039,247935,117870.0,21.0,108200.0
user_085,LG,0.0186,115670,93750.0,80.0,88300.0
user_086,한화오션,0.0192,1008205,135230.0,15.0,148000.0
user_086,이수페타시스,0.0333,524588,107260.0,4.0,111700.0
user_086,한화시스템,0.0392,2486298,99640.0,66.0,92500.0
user_086,한국금융지주,0.0455,76692,185190.0,32.0,181100.0
user_086,삼성화재,0.0207,29795,502080.0,59.0,491500.0
user_086,LG이노텍,0.0444,70049,269790.0,100.0,278500.0
user_086,HD현대,0.0237,242408,267670.0,69.0,261500.0
user_086,에이피알,0.0443,267501,262270.0,25.0,244500.0
user_086,대한전선,0.016,1478960,24640.0,58.0,26300.0
user_086,LG,0.0186,115670,90160.0,96.0,88300.0
user_087,우리금융지주,0.047,850098,28380.0,18.0,27950.0
user_087,하나금융지주,0.029,387295,96500.0,31.0,99900.0
user_087,현대로템,0.0225,738835,203360.0,79.0,220500.0
user_087,포스코퓨처엠,0.043,470151,214400.0,48.0,205500.0
user_087,하이브,0.01,436090,367980.0,98.0,370000.0
user_087,삼성카드,0.0194,28707,52570.0,5.0,53500.0
user_087,LG,0.0186,115670,87490.0,45.0,88300.0
user_087,KT&G,0.0111,122499,151900.0,77.0,147300.0
user_087,엔씨소프트,0.0331,43313,230420.0,21.0,235500.0
user_087,포스코인터내셔널,0.0363,634184,63040.0,7.0,63500.0
user_088,두산로보틱스,0.0448,2638221,125840.0,73.0,119400.0
user_088,한진칼,0.0186,23298,122220.0,14.0,127800.0
user_088,POSCO홀딩스,0.0339,360131,338550.0,10.0,354000.0
user_088,삼성SDI,0.0286,1555599,295830.0,17.0,326000.0
user_088,LG전자,0.0111,1205696,104900.0,100.0,103400.0
user_088,현대차2우B,0.028,286227,284880.0,39.0,288000.0
user_088,LG에너지솔루션,0.035,283451,432230.0,65.0,402000.0
user_088,LIG넥스원,0.0249,81080,587960.0,61.0,565000.0
user_088,SK하이닉스,0.0156,1281407,802280.0,89.0,747000.0
user_088,삼성전자,0.0329,12997934,153300.0,71.0,146100.0
user_089,기업은행,0.0432,407015,19620.0,84.0,20550.0
user_089,키움증권,0.0199,28626,301230.0,53.0,322000.0
user_089,한국금융지주,0.0455,76692,195510.0,87.0,181100.0
user_089,현대글로비스,0.0444,321356,251880.0,30.0,257500.0
user_089,한국항공우주,0.0439,605387,178030.0,30.0,166200.0
user_089,HD한국조선해양,0.0123,58474,470600.0,86.0,439500.0
user_089,SK텔레콤,0.0333,2140624,63490.0,62.0,61900.0
user_089,DB손해보험,0.0292,81586,117040.0,52.0,127900.0
user_089,LG전자,0.0111,1205696,95070.0,52.0,103400.0
user_089,한화시스템,0.0392,2486298,100470.0,3.0,92500.0
user_090,CJ,0.0235,39074,189520.0,38.0,190000.0
user_090,현대차,0.02,2865006,468050.0,42.0,473500.0
user_090,삼양식품,0.0256,21556,1283970.0,84.0,1203000.0
user_090,삼성바이오로직스,0.032,14400,1825810.0,67.0,1937500.0
user_090,LG에너지솔루션,0.035,283451,391090.0,49.0,402000.0
user_090,유한양행,0.039,247935,115350.0,72.0,108200.0
user_090,한화,0.0371,370420,135020.0,5.0,125400.0
user_090,엔씨소프트,0.0331,43313,246880.0,82.0,235500.0
user_090,삼성E&A,0.033,214349,25790.0,31.0,25550.0
user_090,에이피알,0.0443,267501,263560.0,60.0,244500.0
user_091,삼성전자우,0.0271,2041032,106150.0,95.0,107300.0
user_091,아모레퍼시픽,0.017,96899,123520.0,23.0,121200.0
user_091,LS,0.0142,72568,226740.0,88.0,217500.0
user_091,하이브,0.01,436090,339300.0,19.0,370000.0
user_091,HD현대일렉트릭,0.0388,69295,865140.0,63.0,909000.0
user_091,한국전력,0.0486,5141165,60820.0,39.0,59800.0
user_091,삼성카드,0.0194,28707,56150.0,54.0,53500.0
user_091,SK텔레콤,0.0333,2140624,65490.0,100.0,61900.0
user_091,한미약품,0.0411,79493,467620.0,68.0,449500.0
user_091,우리금융지주,0.047,850098,26650.0,56.0,27950.0
user_092,삼성전기,0.0117,281875,307960.0,21.0,282500.0
user_092,맥쿼리인프라,0.0119,881600,11170.0,19.0,11435.0
user_092,현대차,0.02,2865006,490440.0,96.0,473500.0
user_092,유한양행,0.039,247935,103630.0,42.0,108200.0
user_092,SK,0.043,102669,269770.0,89.0,292000.0
user_092,대한항공,0.0205,1215433,23030.0,29.0,24150.0
user_092,포스코DX,0.0489,3630919,38370.0,1.0,42200.0
user_092,한국타이어앤테크놀로지,0.0441,140509,59470.0,19.0,64600.0
user_092,현대건설,0.0328,1020631,111080.0,70.0,109200.0
user_092,LS,0.0142,72568,230450.0,84.0,217500.0
user_093,CJ,0.0235,39074,194650.0,64.0,190000.0
user_093,현대건설,0.0328,1020631,111780.0,15.0,109200.0
user_093,HD현대일렉트릭,0.0388,69295,908420.0,96.0,909000.0
user_093,카카오페이,0.0347,551536,49140.0,79.0,50200.0
user_093,삼성생명,0.0189,215502,176900.0,27.0,176300.0
user_093,한미약품,0.0411,79493,442770.0,85.0,449500.0
user_093,하나금융지주,0.029,387295,109760.0,88.0,99900.0
user_093,한국금융지주,0.0455,76692,188170.0,95.0,181100.0
user_093,키움증권,0.0199,28626,326740.0,59.0,322000.0
user_093,KB금융,0.0271,422594,124190.0,35.0,133600.0
user_094,SK스퀘어,0.0302,130489,464360.0,74.0,427500.0
user_094,신한지주,0.0159,632026,88880.0,52.0,81100.0
user_094,크래프톤,0.0474,33836,262120.0,19.0,241500.0
user_094,한화시스템,0.0392,2486298,88710.0,9.0,92500.0
user_094,NAVER,0.0336,546622,235540.0,12.0,242000.0
user_094,SK하이닉스,0.0156,1281407,814140.0,81.0,747000.0
user_094,현대차,0.02,2865006,506690.0,85.0,473500.0
user_094,셀트리온,0.0161,211585,226070.0,94.0,209500.0
user_094,현대글로비스,0.0444,321356,232640.0,24.0,257500.0
user_094,하나금융지주,0.029,387295,94890.0,17.0,99900.0
user_095,삼성생명,0.0189,215502,190330.0,13.0,176300.0
user_095,하나금융지주,0.029,387295,91510.0,1.0,99900.0
user_095,LG,0.0186,115670,85760.0,53.0,88300.0
user_095,현대차,0.02,2865006,486570.0,70.0,473500.0
user_095,LS,0.0142,72568,219410.0,37.0,217500.0
user_095,현대건설,0.0328,1020631,114880.0,86.0,109200.0
user_095,한화에어로스페이스,0.0488,91130,1274340.0,100.0,1345000.0
user_095,에이피알,0.0443,267501,262700.0,66.0,244500.0
user_095,대한전선,0.016,1478960,23850.0,72.0,26300.0
user_095,삼성전자,0.0329,12997934,140090.0,80.0,146100.0
user_096,한미반도체,0.0103,562155,171380.0,56.0,174100.0
user_096,현대차우,0.0103,331720,288710.0,72.0,280000.0
user_096,한전기술,0.0122,884671,150260.0,80.0,143900.0
user_096,한화오션,0.0192,1008205,134400.0,3.0,148000.0
user_096,맥쿼리인프라,0.0119,881600,11480.0,52.0,11435.0
user_096,삼성에스디에스,0.037,86364,194080.0,34.0,180400.0
user_096,LG이노텍,0.0444,70049,280280.0,30.0,278500.0
user_096,대한항공,0.0205,1215433,23330.0,84.0,24150.0
user_096,현대차2우B,0.028,286227,309830.0,11.0,288000.0
user_096,삼양식품,0.0256,21556,1164110.0,89.0,1203000.0
user_097,CJ,0.0235,39074,175880.0,63.0,190000.0
user_097,두산,0.0265,60831,841920.0,61.0,828000.0
user_097,현대오토에버,0.0415,244844,505140.0,59.0,463500.0
user_097,카카오페이,0.0347,551536,51250.0,27.0,50200.0
user_097,HD한국조선해양,0.0123,58474,420910.0,27.0,439500.0
user_097,한화,0.0371,370420,126310.0,89.0,125400.0
user_097,엔씨소프트,0.0331,43313,237280.0,38.0,235500.0
user_097,삼성바이오로직스,0.032,14400,1794860.0,45.0,1937500.0
user_097,한국항공우주,0.0439,605387,181460.0,35.0,166200.0
user_097,현대건설,0.0328,1020631,102880.0,75.0,109200.0
user_098,한국항공우주,0.0439,605387,180590.0,46.0,166200.0
user_098,두산,0.0265,60831,792880.0,40.0,828000.0
user_098,LG,0.0186,115670,85070.0,83.0,88300.0
user_098,SK바이오팜,0.0114,92848,111780.0,95.0,119700.0
user_098,LG이노텍,0.0444,70049,263620.0,83.0,278500.0
user_098,삼성SDI,0.0286,1555599,294160.0,46.0,326000.0
user_098,현대글로비스,0.0444,321356,256460.0,7.0,257500.0
user_098,S-Oil,0.0265,81022,98030.0,59.0,90500.0
user_098,LG전자,0.0111,1205696,97490.0,99.0,103400.0
user_098,기업은행,0.0432,407015,20920.0,57.0,20550.0
user_099,LG씨엔에스,0.0316,852337,68660.0,50.0,70300.0
user_099,SK이노베이션,0.0436,203375,113070.0,29.0,108000.0
user_099,NH투자증권,0.0231,290506,22770.0,33.0,22750.0
user_099,코웨이,0.0468,88671,77490.0,55.0,76700.0
user_099,KB금융,0.0271,422594,146490.0,71.0,133600.0
user_099,카카오뱅크,0.0488,385480,21100.0,76.0,21300.0
user_099,삼성증권,0.0224,174148,81130.0,100.0,82500.0
user_099,GS,0.0334,73049,54750.0,80.0,60800.0
user_099,HD현대중공업,0.0349,94028,594630.0,30.0,642000.0
user_099,SK바이오팜,0.0114,92848,115040.0,99.0,119700.0
user_100,LS,0.0142,72568,205010.0,19.0,217500.0
user_100,삼성에스디에스,0.037,86364,174820.0,27.0,180400.0
user_100,현대글로비스,0.0444,321356,233530.0,24.0,257500.0
user_100,NH투자증권,0.0231,290506,21120.0,19.0,22750.0
user_100,엔씨소프트,0.0331,43313,258780.0,56.0,235500.0
user_100,코웨이,0.0468,88671,70860.0,93.0,76700.0
user_100,LG유플러스,0.0235,251736,16090.0,32.0,15200.0
user_100,한국타이어앤테크놀로지,0.0441,140509,66420.0,67.0,64600.0
user_100,KB금융,0.0271,422594,143900.0,49.0,133600.0
user_100,한진칼,0.0186,23298,120600.0,42.0,127800.0
